{
  "revenue_distribution": {
    "labels": [
      "House",
      "Flat",
      "Portion",
      "Penthouse",
      "Room"
    ],
    "data": [
      20648126000,
      45272000,
      0,
      8872000,
      140500
    ]
  },
  "top_categories": {
    "labels": [
      "For Sale",
      "For Rent"
    ],
    "data": [
      1625,
      624
    ]
  },
  "listings_trend": {
    "dates": [
      "Apr",
      "May",
      "Jun",
      "Jul",
      "Aug",
      "Sep",
      "Oct",
      "Nov",
      "Dec",
      "Jan",
      "Feb",
      "Mar"
    ],
    "listings": [
      178,
      197,
      209,
      200,
      216,
      196,
      185,
      196,
      204,
      217,
      256,
      264
    ],
    "rolling_avg": [
      178.0,
      187.5,
      194.66666666666666,
      202.0,
      208.33333333333334,
      204.0,
      199.0,
      192.33333333333334,
      195.0,
      205.66666666666666,
      225.66666666666666,
      245.66666666666666
    ]
  },
  "info": {
    "avg_price": 9215614,
    "total_properties": 2249,
    "avg_beds": 4,
    "avg_baths": 4,
    "daily_listings": 74
  }
}