{
  "revenue_distribution": {
    "labels": [
      "House",
      "Flat",
      "Portion",
      "Penthouse",
      "Room"
    ],
    "data": [
      209507603960,
      23157118700,
      0,
      637738000,
      58621500
    ]
  },
  "top_categories": {
    "labels": [
      "For Rent",
      "For Sale"
    ],
    "data": [
      9177,
      8277
    ]
  },
  "listings_trend": {
    "dates": [
      "Apr",
      "May",
      "Jun",
      "Jul",
      "Aug",
      "Sep",
      "Oct",
      "Nov",
      "Dec",
      "Jan",
      "Feb",
      "Mar"
    ],
    "listings": [
      1337,
      1420,
      1598,
      1743,
      1491,
      1513,
      1601,
      1393,
      1681,
      1863,
      1967,
      2078
    ],
    "rolling_avg": [
      1337.0,
      1378.5,
      1451.6666666666667,
      1587.0,
      1610.6666666666667,
      1582.3333333333333,
      1535.0,
      1502.3333333333333,
      1558.3333333333333,
      1645.6666666666667,
      1837.0,
      1969.3333333333333
    ]
  },
  "kpis": {
    "avg_price": 13435695,
    "total_properties": 17454,
    "avg_beds": 4,
    "avg_baths": 4,
    "daily_listings": 581
  }
}