{
  "revenue_distribution": {
    "labels": [
      "House",
      "Flat",
      "Portion",
      "Penthouse",
      "Room"
    ],
    "data": [
      209507603960,
      23157118700,
      0,
      637738000,
      58621500
    ]
  },
  "top_categories": {
    "labels": [
      "For Rent",
      "For Sale"
    ],
    "data": [
      9177,
      8277
    ]
  },
  "listings_trend": {
    "dates": [
      "Apr",
      "May",
      "Jun",
      "Jul",
      "Aug",
      "Sep",
      "Oct",
      "Nov",
      "Dec",
      "Jan",
      "Feb",
      "Mar"
    ],
    "listings": [
      1367,
      1356,
      1562,
      1551,
      1553,
      1454,
      1431,
      1276,
      1667,
      1843,
      1989,
      1952
    ],
    "rolling_avg": [
      1367.0,
      1361.5,
      1428.3333333333333,
      1489.6666666666667,
      1555.3333333333333,
      1519.3333333333333,
      1479.3333333333333,
      1387.0,
      1458.0,
      1595.3333333333333,
      1833.0,
      1928.0
    ]
  },
  "info": {
    "avg_price": 13435695,
    "total_properties": 17454,
    "avg_beds": 4,
    "avg_baths": 4,
    "daily_listings": 581
  }
}