{
  "revenue_distribution": {
    "labels": [
      "House",
      "Flat",
      "Portion",
      "Penthouse",
      "Room"
    ],
    "data": [
      339415490500,
      122589763050,
      0,
      3953473000,
      105821000
    ]
  },
  "top_categories": {
    "labels": [
      "For Sale",
      "For Rent"
    ],
    "data": [
      18817,
      6206
    ]
  },
  "listings_trend": {
    "dates": [
      "Apr",
      "May",
      "Jun",
      "Jul",
      "Aug",
      "Sep",
      "Oct",
      "Nov",
      "Dec",
      "Jan",
      "Feb",
      "Mar"
    ],
    "listings": [
      1874,
      2140,
      2187,
      2463,
      2449,
      1968,
      2083,
      2058,
      2009,
      2647,
      3032,
      2849
    ],
    "rolling_avg": [
      1874.0,
      2007.0,
      2067.0,
      2263.3333333333335,
      2366.3333333333335,
      2293.3333333333335,
      2166.6666666666665,
      2036.3333333333333,
      2050.0,
      2238.0,
      2562.6666666666665,
      2842.6666666666665
    ]
  },
  "kpis": {
    "avg_price": 19514599,
    "total_properties": 25023,
    "avg_beds": 3,
    "avg_baths": 3,
    "daily_listings": 834
  }
}