{
  "revenue_distribution": {
    "labels": [
      "House",
      "Flat",
      "Portion",
      "Penthouse",
      "Room"
    ],
    "data": [
      339415490500,
      122589763050,
      0,
      3953473000,
      105821000
    ]
  },
  "top_categories": {
    "labels": [
      "For Sale",
      "For Rent"
    ],
    "data": [
      18817,
      6206
    ]
  },
  "listings_trend": {
    "dates": [
      "Apr",
      "May",
      "Jun",
      "Jul",
      "Aug",
      "Sep",
      "Oct",
      "Nov",
      "Dec",
      "Jan",
      "Feb",
      "Mar"
    ],
    "listings": [
      1847,
      2148,
      2252,
      2384,
      2441,
      2137,
      2177,
      2187,
      2121,
      2495,
      3023,
      3328
    ],
    "rolling_avg": [
      1847.0,
      1997.5,
      2082.3333333333335,
      2261.3333333333335,
      2359.0,
      2320.6666666666665,
      2251.6666666666665,
      2167.0,
      2161.6666666666665,
      2267.6666666666665,
      2546.3333333333335,
      2948.6666666666665
    ]
  },
  "info": {
    "avg_price": 19514599,
    "total_properties": 25023,
    "avg_beds": 3,
    "avg_baths": 3,
    "daily_listings": 834
  }
}