{
  "revenue_distribution": {
    "labels": [
      "House",
      "Flat",
      "Portion",
      "Penthouse",
      "Room"
    ],
    "data": [
      355442218000,
      6013189000,
      0,
      129200000,
      58900000
    ]
  },
  "top_categories": {
    "labels": [
      "For Sale"
    ],
    "data": [
      16324
    ]
  },
  "listings_trend": {
    "dates": [
      "Apr",
      "May",
      "Jun",
      "Jul",
      "Aug",
      "Sep",
      "Oct",
      "Nov",
      "Dec",
      "Jan",
      "Feb",
      "Mar"
    ],
    "listings": [
      1139,
      1349,
      1385,
      1483,
      1489,
      1476,
      1385,
      1182,
      1369,
      1590,
      1917,
      2153
    ],
    "rolling_avg": [
      1139.0,
      1244.0,
      1291.0,
      1405.6666666666667,
      1452.3333333333333,
      1482.6666666666667,
      1450.0,
      1347.6666666666667,
      1312.0,
      1380.3333333333333,
      1625.3333333333333,
      1886.6666666666667
    ]
  },
  "kpis": {
    "avg_price": 22227557,
    "total_properties": 16324,
    "avg_beds": 4,
    "avg_baths": 4,
    "daily_listings": 544
  }
}