{
  "revenue_distribution": {
    "labels": [
      "House",
      "Flat",
      "Portion",
      "Penthouse",
      "Room"
    ],
    "data": [
      355442218000,
      6013189000,
      0,
      129200000,
      58900000
    ]
  },
  "top_categories": {
    "labels": [
      "For Sale"
    ],
    "data": [
      16324
    ]
  },
  "listings_trend": {
    "dates": [
      "Apr",
      "May",
      "Jun",
      "Jul",
      "Aug",
      "Sep",
      "Oct",
      "Nov",
      "Dec",
      "Jan",
      "Feb",
      "Mar"
    ],
    "listings": [
      1332,
      1424,
      1493,
      1526,
      1616,
      1483,
      1431,
      1311,
      1402,
      1751,
      1955,
      1954
    ],
    "rolling_avg": [
      1332.0,
      1378.0,
      1416.3333333333333,
      1481.0,
      1545.0,
      1541.6666666666667,
      1510.0,
      1408.3333333333333,
      1381.3333333333333,
      1488.0,
      1702.6666666666667,
      1886.6666666666667
    ]
  },
  "info": {
    "avg_price": 22227557,
    "total_properties": 16324,
    "avg_beds": 4,
    "avg_baths": 4,
    "daily_listings": 544
  }
}