{
  "revenue_distribution": {
    "labels": [
      "House",
      "Flat",
      "Portion",
      "Penthouse",
      "Room"
    ],
    "data": [
      1000216676470,
      155867534750,
      0,
      4778178000,
      223577500
    ]
  },
  "top_categories": {
    "labels": [
      "For Sale",
      "For Rent"
    ],
    "data": [
      50381,
      19018
    ]
  },
  "listings_trend": {
    "dates": [
      "Apr",
      "May",
      "Jun",
      "Jul",
      "Aug",
      "Sep",
      "Oct",
      "Nov",
      "Dec",
      "Jan",
      "Feb",
      "Mar"
    ],
    "listings": [
      4871,
      6254,
      6722,
      6673,
      6911,
      6246,
      5478,
      5194,
      5641,
      6727,
      7436,
      8750
    ],
    "rolling_avg": [
      4871.0,
      5562.5,
      5949.0,
      6549.666666666667,
      6768.666666666667,
      6610.0,
      6211.666666666667,
      5639.333333333333,
      5437.666666666667,
      5854.0,
      6601.333333333333,
      7637.666666666667
    ]
  },
  "info": {
    "avg_price": 17087745,
    "total_properties": 69399,
    "avg_beds": 4,
    "avg_baths": 4,
    "daily_listings": 2313
  }
}