{
  "revenue_distribution": {
    "labels": [
      "House",
      "Flat",
      "Portion",
      "Penthouse",
      "Room"
    ],
    "data": [
      1000216676470,
      155867534750,
      0,
      4778178000,
      223577500
    ]
  },
  "top_categories": {
    "labels": [
      "For Sale",
      "For Rent"
    ],
    "data": [
      50381,
      19018
    ]
  },
  "listings_trend": {
    "dates": [
      "Apr",
      "May",
      "Jun",
      "Jul",
      "Aug",
      "Sep",
      "Oct",
      "Nov",
      "Dec",
      "Jan",
      "Feb",
      "Mar"
    ],
    "listings": [
      5368,
      5902,
      6503,
      6515,
      6689,
      6519,
      5684,
      6281,
      5811,
      6666,
      8157,
      8612
    ],
    "rolling_avg": [
      5368.0,
      5635.0,
      5924.333333333333,
      6306.666666666667,
      6569.0,
      6574.333333333333,
      6297.333333333333,
      6161.333333333333,
      5925.333333333333,
      6252.666666666667,
      6878.0,
      7811.666666666667
    ]
  },
  "kpis": {
    "avg_price": 17087745,
    "total_properties": 69399,
    "avg_beds": 4,
    "avg_baths": 4,
    "daily_listings": 2313
  }
}