{
  "revenue_distribution": {
    "labels": [
      "House",
      "Flat",
      "Portion",
      "Penthouse",
      "Room"
    ],
    "data": [
      75203238010,
      4062192000,
      0,
      48895000,
      94500
    ]
  },
  "top_categories": {
    "labels": [
      "For Sale",
      "For Rent"
    ],
    "data": [
      5338,
      3011
    ]
  },
  "listings_trend": {
    "dates": [
      "Apr",
      "May",
      "Jun",
      "Jul",
      "Aug",
      "Sep",
      "Oct",
      "Nov",
      "Dec",
      "Jan",
      "Feb",
      "Mar"
    ],
    "listings": [
      624,
      722,
      757,
      739,
      801,
      692,
      617,
      643,
      678,
      885,
      892,
      1006
    ],
    "rolling_avg": [
      624.0,
      673.0,
      701.0,
      739.3333333333334,
      765.6666666666666,
      744.0,
      703.3333333333334,
      650.6666666666666,
      646.0,
      735.3333333333334,
      818.3333333333334,
      927.6666666666666
    ]
  },
  "info": {
    "avg_price": 9520118,
    "total_properties": 8349,
    "avg_beds": 4,
    "avg_baths": 4,
    "daily_listings": 278
  }
}